"Instagram","0.25","0.25","0.25","0.25","0.25","0.25","0.25","0.25","0.25","0.25","0.25","0.25","0.25","0.25","0.25","0.25","0.25","0.25","0.25","0.25","0.25","0.25","0.25","0.25","0.25","0.25","0.25","0.25","0.25"
"Cristiano Ronaldo","0.1","0.1","0.1","0.1","0.1","0.1","0.1","0.1","0.1","0.1","0.1","0.1","0.1","0.1","0.1","0.1","0.1","0.25","0.25","0.25","0.25","0.25","0.25","0.25","0.25","0.25","0.25","0.25","0.25"
"Ariana Grande","0.1","0.1","0.1","0.1","0.1","0.1","0.1","0.1","0.1","0.1","0.1","0.1","0.1","0.1","0.1","0.1","0.1","0.1","0.1","0.1","0.1","0.1","0.1","0.1","0.1","0.1","0.1","0.1","0.1"
"Selena Gomez","0.25","0.25","0.25","0.25","0.25","0.25","0.25","0.25","0.25","0.25","0.25","0.25","0.25","0.25","0.25","0.25","0.25","0.25","0.25","0.25","0.25","0.25","0.25","0.25","0.25","0.25","0.25","0.25","0.25"
"The Rock","0.5","0.5","0.5","0.5","0.5","0.5","0.5","0.5","0.5","0.5","0.5","0.5","0.5","0.5","0.5","0.5","0.5","0.25","0.25","0.25","0.25","0.25","0.25","0.25","0.25","0.25","0.25","0.25","0.25"
"Kim Kardashian West","0","0","0","0","0","0","0","0","0","0","0","0","0","0","0","0","0","0","0","0","0","0","0","0","0","0","0","0","0"
"Kylie Jenner","0.375","0.375","0.375","0.375","0.375","0.375","0.375","0.375","0.375","0.35","0.35","0.35","0.35","0.35","0.35","0.35","0.35","0.35","0.35","0.35","0.35","0.35","0.35","0.35","0.35","0.35","0.35","0.35","0.35"
"Beyonc√©","0.25","0","0","0","0","0","0","0","0","0","0","0","0","0","0","0","0","0","0","0","0","0","0","0","0","0","0","0","0"
"Taylor Swift","0.1","0.1","0.1","0.1","0.1","0.1","0.1","0.1","0.1","0.1","0.1","0.1","0.1","0.1","0.1","0.1","0.1","0.1","0.1","0.1","0.1","0.1","0.1","0.1","0.1","0.1","0.1","0.1","0.1"
"Leo Messi","0.2","0.2","0.2","0.2","0.2","0.2","0.2","0.2","0.2","0","0.25","0.25","0.25","0.25","0.25","0.25","0.25","0.25","0.25","0.25","0.25","0.25","0.25","0.25","0.25","0.25","0.25","0.25","0.25"
"Neymar jr","0.6","0.6","0.6","0.6","0.6","0.6","0.6","0.6","0.6","0.6","0.6","0.6","0.6","0.35","0.35","0.35","0.35","0.6","0.6","0.6","0.6","0.6","0.6","0.6","0.6","0.6","0.6","0.6","0.6"
"Kendall Jenner","0.5","0.5","0.5","0.5","0.5","0.5","0.5","0.5","0.5","0.5","0.5","0.5","0.5","0.5","0.5","0.5","0.5","0.5","0.5","0.5","0.5","0.5","0.5","0.5","0.5","0.5","0.5","0.5","0.5"
"Justin Bieber","0.2","0.2","0.2","0.2","0.2","0.2","0.2","0.2","0.2","0.2","0.2","0.2","0.2","0.1","0.1","0.1","0.1","0.2","0.2","0.2","0.2","0.2","0.2","0.2","0.2","0.2","0.2","0.2","0.2"
"National Geographic","0.25","0.25","0.25","0.25","0.25","0.25","0.25","0.25","0.25","0.25","0.25","0.25","0.25","0.25","0.25","0.25","0.25","0.25","0.25","0.25","0.25","0.25","0.25","0.25","0.25","0.25","0.5","0.5","0.25"
"Barbie","0.361111111111111","0.361111111111111","0.361111111111111","0.361111111111111","0.361111111111111","0.361111111111111","0.361111111111111","0.361111111111111","0.361111111111111","0.361111111111111","0.361111111111111","0.361111111111111","0.361111111111111","0.361111111111111","0.361111111111111","0.361111111111111","0.361111111111111","0.361111111111111","0.361111111111111","0.361111111111111","0.361111111111111","0.361111111111111","0.361111111111111","0.361111111111111","0.361111111111111","0.361111111111111","0.361111111111111","0.361111111111111","0.361111111111111"
"Khloe Kardashian","0.583333333333333","0.55","0.55","0.55","0.55","0.55","0.55","0.55","0.55","0.55","0.45","0.45","0.35","0.35","0.35","0.35","0.35","0.45","0.45","0.35","0.35","0.35","0.35","0.35","0.35","0.25","0.25","0.25","0.35"
"Jennifer Lopez","0.35","0.35","0.35","0.35","0.35","0.35","0.35","0.35","0.35","0.35","0.35","0.35","0.45","0.35","0.35","0.35","0.35","0.35","0.35","0.35","0.35","0.35","0.35","0.35","0.35","0.35","0.35","0.35","0.35"
"Miley Cyrus","0.392857142857143","0.392857142857143","0.392857142857143","0.392857142857143","0.392857142857143","0.392857142857143","0.392857142857143","0.392857142857143","0.392857142857143","0.25","0.25","0.25","0.25","0.25","0.25","0.25","0.25","0.25","0.25","0.25","0.25","0.25","0.25","0.25","0.25","0.25","0.25","0.25","0.25"
"Nike","0.6","0.6","0.6","0.6","0.6","0.6","0.6","0.6","0.6","0.6","0.6","0.6","0.6","0.6","0.6","0.6","0.6","0.6","0.6","0.6","0.6","0.6","0.6","0.6","0.6","0.6","0.6","0.6","0.6"
"Katy Perry","0.142857142857143","0.142857142857143","0.142857142857143","0.142857142857143","0.142857142857143","0.142857142857143","0.142857142857143","0.142857142857143","0.142857142857143","0.142857142857143","0.2","0.2","0.2","0.2","0.2","0.2","0.2","0.2","0.2","0.2","0.2","0.2","0.2","0.2","0.2","0.2","0.2","0.2","0.2"
